{"cameraMode":{"drawMode":0,"name":"Shaded","section":"Shading Mode"},"sceneLighting":true,"audioPlay":false,"sceneViewState":{"showFog":true,"showMaterialUpdate":false,"showSkybox":true,"showFlares":true,"showImageEffects":true,"showParticleSystems":true},"in2DMode":false,"pivot":{"x":-5.246488094329834,"y":13.751386642456055,"z":4.15318489074707},"rotation":{"x":-0.056521955877542499,"y":0.9176015257835388,"z":-0.141226127743721,"w":-0.367246150970459},"size":116.56084442138672,"orthographic":false}